{"/*":["X-Frame-Options: DENY","X-XSS-Protection: 1; mode=block","X-Content-Type-Options: nosniff","Referrer-Policy: same-origin"],"/component---src-templates-blog-post-js-e5c1876c7141ca1871fe.js":["Cache-Control: public, max-age=31536000, immutable"],"/component---src-pages-404-js-ee8be6731a7f47ca8089.js":["Cache-Control: public, max-age=31536000, immutable"],"/component---src-pages-gracias-js-20db015faddb2c19ff57.js":["Cache-Control: public, max-age=31536000, immutable"],"/3a4f77e5294fa31fc49872482c85b621a872c372-0c83b9a9a7635dd749e3.js":["Cache-Control: public, max-age=31536000, immutable"],"/88f53ffc7af2a4c6f987f12e86d3ecde909d02f7-ffcecd14c397bfc312d1.js":["Cache-Control: public, max-age=31536000, immutable"],"/component---src-pages-index-js-7e34b7a6bf9d9937cee7.js":["Cache-Control: public, max-age=31536000, immutable"],"/component---src-pages-nosotros-js-a91adc7e798c1220ffed.js":["Cache-Control: public, max-age=31536000, immutable"],"/component---src-pages-noticias-js-5364f38d89877b086e02.js":["Cache-Control: public, max-age=31536000, immutable"],"/component---src-pages-partners-js-ae2218b82f766b084097.js":["Cache-Control: public, max-age=31536000, immutable"],"/component---src-pages-politica-de-privacidad-js-adfeae15421d71b20ccd.js":["Cache-Control: public, max-age=31536000, immutable"],"/webpack-runtime-73be67b991c8e9b34277.js":["Cache-Control: public, max-age=31536000, immutable"],"/framework-19abad70385e1775e08e.js":["Cache-Control: public, max-age=31536000, immutable"],"/styles.230629cbacecbd74db87.css":["Cache-Control: public, max-age=31536000, immutable"],"/app-2b18e258e42ad728896e.js":["Cache-Control: public, max-age=31536000, immutable"],"/static/*":["Cache-Control: public, max-age=31536000, immutable"],"/sw.js":["Cache-Control: public, max-age=0, must-revalidate"],"/noticias/index.php/2021/04/29/nuevo-leon-la-potencia-de-las-renovables-en-mexico/":["Link: </webpack-runtime-73be67b991c8e9b34277.js>; rel=preload; as=script; nopush","Link: </framework-19abad70385e1775e08e.js>; rel=preload; as=script; nopush","Link: </app-2b18e258e42ad728896e.js>; rel=preload; as=script; nopush","Link: </component---src-templates-blog-post-js-e5c1876c7141ca1871fe.js>; rel=preload; as=script; nopush","Link: </page-data/app-data.json>; rel=preload; as=fetch; crossorigin; nopush","Link: </page-data/noticias/index.php/2021/04/29/nuevo-leon-la-potencia-de-las-renovables-en-mexico/page-data.json>; rel=preload; as=fetch; crossorigin; nopush"],"/noticias/index.php/2021/04/22/grandes-empresas-le-dicen-adios-a-la-cfe-y-optan-por-energias-renovables/":["Link: </webpack-runtime-73be67b991c8e9b34277.js>; rel=preload; as=script; nopush","Link: </framework-19abad70385e1775e08e.js>; rel=preload; as=script; nopush","Link: </app-2b18e258e42ad728896e.js>; rel=preload; as=script; nopush","Link: </component---src-templates-blog-post-js-e5c1876c7141ca1871fe.js>; rel=preload; as=script; nopush","Link: </page-data/app-data.json>; rel=preload; as=fetch; crossorigin; nopush","Link: </page-data/noticias/index.php/2021/04/22/grandes-empresas-le-dicen-adios-a-la-cfe-y-optan-por-energias-renovables/page-data.json>; rel=preload; as=fetch; crossorigin; nopush"],"/noticias/index.php/2021/04/15/nuevo-leon-se-convierte-en-potencia-para-producir-hidrogeno-como-energia-renovable/":["Link: </webpack-runtime-73be67b991c8e9b34277.js>; rel=preload; as=script; nopush","Link: </framework-19abad70385e1775e08e.js>; rel=preload; as=script; nopush","Link: </app-2b18e258e42ad728896e.js>; rel=preload; as=script; nopush","Link: </component---src-templates-blog-post-js-e5c1876c7141ca1871fe.js>; rel=preload; as=script; nopush","Link: </page-data/app-data.json>; rel=preload; as=fetch; crossorigin; nopush","Link: </page-data/noticias/index.php/2021/04/15/nuevo-leon-se-convierte-en-potencia-para-producir-hidrogeno-como-energia-renovable/page-data.json>; rel=preload; as=fetch; crossorigin; nopush"],"/noticias/index.php/2021/04/08/las-comunidades-indigenas-pierden-sin-la-inversion-de-proyectos-renovables/":["Link: </webpack-runtime-73be67b991c8e9b34277.js>; rel=preload; as=script; nopush","Link: </framework-19abad70385e1775e08e.js>; rel=preload; as=script; nopush","Link: </app-2b18e258e42ad728896e.js>; rel=preload; as=script; nopush","Link: </component---src-templates-blog-post-js-e5c1876c7141ca1871fe.js>; rel=preload; as=script; nopush","Link: </page-data/app-data.json>; rel=preload; as=fetch; crossorigin; nopush","Link: </page-data/noticias/index.php/2021/04/08/las-comunidades-indigenas-pierden-sin-la-inversion-de-proyectos-renovables/page-data.json>; rel=preload; as=fetch; crossorigin; nopush"],"/noticias/index.php/2021/04/01/en-mexico-se-pierden-23-mil-mdp-por-el-huachicol/":["Link: </webpack-runtime-73be67b991c8e9b34277.js>; rel=preload; as=script; nopush","Link: </framework-19abad70385e1775e08e.js>; rel=preload; as=script; nopush","Link: </app-2b18e258e42ad728896e.js>; rel=preload; as=script; nopush","Link: </component---src-templates-blog-post-js-e5c1876c7141ca1871fe.js>; rel=preload; as=script; nopush","Link: </page-data/app-data.json>; rel=preload; as=fetch; crossorigin; nopush","Link: </page-data/noticias/index.php/2021/04/01/en-mexico-se-pierden-23-mil-mdp-por-el-huachicol/page-data.json>; rel=preload; as=fetch; crossorigin; nopush"],"/noticias/index.php/2021/03/18/en-rechazo-la-ley-de-la-industria-electrica/":["Link: </webpack-runtime-73be67b991c8e9b34277.js>; rel=preload; as=script; nopush","Link: </framework-19abad70385e1775e08e.js>; rel=preload; as=script; nopush","Link: </app-2b18e258e42ad728896e.js>; rel=preload; as=script; nopush","Link: </component---src-templates-blog-post-js-e5c1876c7141ca1871fe.js>; rel=preload; as=script; nopush","Link: </page-data/app-data.json>; rel=preload; as=fetch; crossorigin; nopush","Link: </page-data/noticias/index.php/2021/03/18/en-rechazo-la-ley-de-la-industria-electrica/page-data.json>; rel=preload; as=fetch; crossorigin; nopush"],"/noticias/index.php/2021/03/10/la-energia-solar-en-aumento-para-2023/":["Link: </webpack-runtime-73be67b991c8e9b34277.js>; rel=preload; as=script; nopush","Link: </framework-19abad70385e1775e08e.js>; rel=preload; as=script; nopush","Link: </app-2b18e258e42ad728896e.js>; rel=preload; as=script; nopush","Link: </component---src-templates-blog-post-js-e5c1876c7141ca1871fe.js>; rel=preload; as=script; nopush","Link: </page-data/app-data.json>; rel=preload; as=fetch; crossorigin; nopush","Link: </page-data/noticias/index.php/2021/03/10/la-energia-solar-en-aumento-para-2023/page-data.json>; rel=preload; as=fetch; crossorigin; nopush"],"/noticias/index.php/2021/03/04/la-energia-solar-como-alternativa-de-suministro/":["Link: </webpack-runtime-73be67b991c8e9b34277.js>; rel=preload; as=script; nopush","Link: </framework-19abad70385e1775e08e.js>; rel=preload; as=script; nopush","Link: </app-2b18e258e42ad728896e.js>; rel=preload; as=script; nopush","Link: </component---src-templates-blog-post-js-e5c1876c7141ca1871fe.js>; rel=preload; as=script; nopush","Link: </page-data/app-data.json>; rel=preload; as=fetch; crossorigin; nopush","Link: </page-data/noticias/index.php/2021/03/04/la-energia-solar-como-alternativa-de-suministro/page-data.json>; rel=preload; as=fetch; crossorigin; nopush"],"/noticias/index.php/2021/02/25/conoce-los-5-cambios-que-traera-la-reforma-a-la-ley-de-la-industria-electrica/":["Link: </webpack-runtime-73be67b991c8e9b34277.js>; rel=preload; as=script; nopush","Link: </framework-19abad70385e1775e08e.js>; rel=preload; as=script; nopush","Link: </app-2b18e258e42ad728896e.js>; rel=preload; as=script; nopush","Link: </component---src-templates-blog-post-js-e5c1876c7141ca1871fe.js>; rel=preload; as=script; nopush","Link: </page-data/app-data.json>; rel=preload; as=fetch; crossorigin; nopush","Link: </page-data/noticias/index.php/2021/02/25/conoce-los-5-cambios-que-traera-la-reforma-a-la-ley-de-la-industria-electrica/page-data.json>; rel=preload; as=fetch; crossorigin; nopush"],"/noticias/index.php/2021/02/24/avalan-reforma-electrica-y-afectan-los-bolsillos-de-los-mexicanos/":["Link: </webpack-runtime-73be67b991c8e9b34277.js>; rel=preload; as=script; nopush","Link: </framework-19abad70385e1775e08e.js>; rel=preload; as=script; nopush","Link: </app-2b18e258e42ad728896e.js>; rel=preload; as=script; nopush","Link: </component---src-templates-blog-post-js-e5c1876c7141ca1871fe.js>; rel=preload; as=script; nopush","Link: </page-data/app-data.json>; rel=preload; as=fetch; crossorigin; nopush","Link: </page-data/noticias/index.php/2021/02/24/avalan-reforma-electrica-y-afectan-los-bolsillos-de-los-mexicanos/page-data.json>; rel=preload; as=fetch; crossorigin; nopush"],"/noticias/index.php/2021/02/18/mexico-no-tiene-independencia-energetica/":["Link: </webpack-runtime-73be67b991c8e9b34277.js>; rel=preload; as=script; nopush","Link: </framework-19abad70385e1775e08e.js>; rel=preload; as=script; nopush","Link: </app-2b18e258e42ad728896e.js>; rel=preload; as=script; nopush","Link: </component---src-templates-blog-post-js-e5c1876c7141ca1871fe.js>; rel=preload; as=script; nopush","Link: </page-data/app-data.json>; rel=preload; as=fetch; crossorigin; nopush","Link: </page-data/noticias/index.php/2021/02/18/mexico-no-tiene-independencia-energetica/page-data.json>; rel=preload; as=fetch; crossorigin; nopush"],"/noticias/index.php/2021/02/11/las-energias-limpias-se-ven-afectadas-por-reforma-electrica/":["Link: </webpack-runtime-73be67b991c8e9b34277.js>; rel=preload; as=script; nopush","Link: </framework-19abad70385e1775e08e.js>; rel=preload; as=script; nopush","Link: </app-2b18e258e42ad728896e.js>; rel=preload; as=script; nopush","Link: </component---src-templates-blog-post-js-e5c1876c7141ca1871fe.js>; rel=preload; as=script; nopush","Link: </page-data/app-data.json>; rel=preload; as=fetch; crossorigin; nopush","Link: </page-data/noticias/index.php/2021/02/11/las-energias-limpias-se-ven-afectadas-por-reforma-electrica/page-data.json>; rel=preload; as=fetch; crossorigin; nopush"],"/noticias/index.php/2021/02/04/pemex-acumula-18664-casos-de-contagios-de-sars-cov-2/":["Link: </webpack-runtime-73be67b991c8e9b34277.js>; rel=preload; as=script; nopush","Link: </framework-19abad70385e1775e08e.js>; rel=preload; as=script; nopush","Link: </app-2b18e258e42ad728896e.js>; rel=preload; as=script; nopush","Link: </component---src-templates-blog-post-js-e5c1876c7141ca1871fe.js>; rel=preload; as=script; nopush","Link: </page-data/app-data.json>; rel=preload; as=fetch; crossorigin; nopush","Link: </page-data/noticias/index.php/2021/02/04/pemex-acumula-18664-casos-de-contagios-de-sars-cov-2/page-data.json>; rel=preload; as=fetch; crossorigin; nopush"],"/noticias/index.php/2021/01/28/la-comision-reguladora-de-energia-aprueba-permiso-electrico-a-pemex/":["Link: </webpack-runtime-73be67b991c8e9b34277.js>; rel=preload; as=script; nopush","Link: </framework-19abad70385e1775e08e.js>; rel=preload; as=script; nopush","Link: </app-2b18e258e42ad728896e.js>; rel=preload; as=script; nopush","Link: </component---src-templates-blog-post-js-e5c1876c7141ca1871fe.js>; rel=preload; as=script; nopush","Link: </page-data/app-data.json>; rel=preload; as=fetch; crossorigin; nopush","Link: </page-data/noticias/index.php/2021/01/28/la-comision-reguladora-de-energia-aprueba-permiso-electrico-a-pemex/page-data.json>; rel=preload; as=fetch; crossorigin; nopush"],"/noticias/index.php/2021/01/20/la-burocracia-detiene-los-planes-energeticos/":["Link: </webpack-runtime-73be67b991c8e9b34277.js>; rel=preload; as=script; nopush","Link: </framework-19abad70385e1775e08e.js>; rel=preload; as=script; nopush","Link: </app-2b18e258e42ad728896e.js>; rel=preload; as=script; nopush","Link: </component---src-templates-blog-post-js-e5c1876c7141ca1871fe.js>; rel=preload; as=script; nopush","Link: </page-data/app-data.json>; rel=preload; as=fetch; crossorigin; nopush","Link: </page-data/noticias/index.php/2021/01/20/la-burocracia-detiene-los-planes-energeticos/page-data.json>; rel=preload; as=fetch; crossorigin; nopush"],"/noticias/index.php/2021/01/14/carlos-slim-invierte-en-industria-petrolera/":["Link: </webpack-runtime-73be67b991c8e9b34277.js>; rel=preload; as=script; nopush","Link: </framework-19abad70385e1775e08e.js>; rel=preload; as=script; nopush","Link: </app-2b18e258e42ad728896e.js>; rel=preload; as=script; nopush","Link: </component---src-templates-blog-post-js-e5c1876c7141ca1871fe.js>; rel=preload; as=script; nopush","Link: </page-data/app-data.json>; rel=preload; as=fetch; crossorigin; nopush","Link: </page-data/noticias/index.php/2021/01/14/carlos-slim-invierte-en-industria-petrolera/page-data.json>; rel=preload; as=fetch; crossorigin; nopush"],"/noticias/index.php/2021/01/07/el-banco-mundial-reconoce-el-potencial-de-renovables/":["Link: </webpack-runtime-73be67b991c8e9b34277.js>; rel=preload; as=script; nopush","Link: </framework-19abad70385e1775e08e.js>; rel=preload; as=script; nopush","Link: </app-2b18e258e42ad728896e.js>; rel=preload; as=script; nopush","Link: </component---src-templates-blog-post-js-e5c1876c7141ca1871fe.js>; rel=preload; as=script; nopush","Link: </page-data/app-data.json>; rel=preload; as=fetch; crossorigin; nopush","Link: </page-data/noticias/index.php/2021/01/07/el-banco-mundial-reconoce-el-potencial-de-renovables/page-data.json>; rel=preload; as=fetch; crossorigin; nopush"],"/noticias/index.php/2020/12/30/en-el-2021-brilla-la-generacion-distribuida-de-paneles-solares/":["Link: </webpack-runtime-73be67b991c8e9b34277.js>; rel=preload; as=script; nopush","Link: </framework-19abad70385e1775e08e.js>; rel=preload; as=script; nopush","Link: </app-2b18e258e42ad728896e.js>; rel=preload; as=script; nopush","Link: </component---src-templates-blog-post-js-e5c1876c7141ca1871fe.js>; rel=preload; as=script; nopush","Link: </page-data/app-data.json>; rel=preload; as=fetch; crossorigin; nopush","Link: </page-data/noticias/index.php/2020/12/30/en-el-2021-brilla-la-generacion-distribuida-de-paneles-solares/page-data.json>; rel=preload; as=fetch; crossorigin; nopush"],"/noticias/index.php/2020/12/24/amlo-paraliza-la-inversion-energetica/":["Link: </webpack-runtime-73be67b991c8e9b34277.js>; rel=preload; as=script; nopush","Link: </framework-19abad70385e1775e08e.js>; rel=preload; as=script; nopush","Link: </app-2b18e258e42ad728896e.js>; rel=preload; as=script; nopush","Link: </component---src-templates-blog-post-js-e5c1876c7141ca1871fe.js>; rel=preload; as=script; nopush","Link: </page-data/app-data.json>; rel=preload; as=fetch; crossorigin; nopush","Link: </page-data/noticias/index.php/2020/12/24/amlo-paraliza-la-inversion-energetica/page-data.json>; rel=preload; as=fetch; crossorigin; nopush"],"/noticias/index.php/2020/12/16/gracias-a-la-pandemia-se-acelera-el-cierre-de-refinerias-en-el-mundo/":["Link: </webpack-runtime-73be67b991c8e9b34277.js>; rel=preload; as=script; nopush","Link: </framework-19abad70385e1775e08e.js>; rel=preload; as=script; nopush","Link: </app-2b18e258e42ad728896e.js>; rel=preload; as=script; nopush","Link: </component---src-templates-blog-post-js-e5c1876c7141ca1871fe.js>; rel=preload; as=script; nopush","Link: </page-data/app-data.json>; rel=preload; as=fetch; crossorigin; nopush","Link: </page-data/noticias/index.php/2020/12/16/gracias-a-la-pandemia-se-acelera-el-cierre-de-refinerias-en-el-mundo/page-data.json>; rel=preload; as=fetch; crossorigin; nopush"],"/noticias/index.php/2020/12/10/la-revolucion-de-energia-verde-esta-en-marcha-para-mexico/":["Link: </webpack-runtime-73be67b991c8e9b34277.js>; rel=preload; as=script; nopush","Link: </framework-19abad70385e1775e08e.js>; rel=preload; as=script; nopush","Link: </app-2b18e258e42ad728896e.js>; rel=preload; as=script; nopush","Link: </component---src-templates-blog-post-js-e5c1876c7141ca1871fe.js>; rel=preload; as=script; nopush","Link: </page-data/app-data.json>; rel=preload; as=fetch; crossorigin; nopush","Link: </page-data/noticias/index.php/2020/12/10/la-revolucion-de-energia-verde-esta-en-marcha-para-mexico/page-data.json>; rel=preload; as=fetch; crossorigin; nopush"],"/noticias/index.php/2020/12/03/exigen-quitar-freno-a-paneles-en-baja-california-sur/":["Link: </webpack-runtime-73be67b991c8e9b34277.js>; rel=preload; as=script; nopush","Link: </framework-19abad70385e1775e08e.js>; rel=preload; as=script; nopush","Link: </app-2b18e258e42ad728896e.js>; rel=preload; as=script; nopush","Link: </component---src-templates-blog-post-js-e5c1876c7141ca1871fe.js>; rel=preload; as=script; nopush","Link: </page-data/app-data.json>; rel=preload; as=fetch; crossorigin; nopush","Link: </page-data/noticias/index.php/2020/12/03/exigen-quitar-freno-a-paneles-en-baja-california-sur/page-data.json>; rel=preload; as=fetch; crossorigin; nopush"],"/noticias/index.php/2020/11/26/nueva-plataforma-para-promover-energia-renovable/":["Link: </webpack-runtime-73be67b991c8e9b34277.js>; rel=preload; as=script; nopush","Link: </framework-19abad70385e1775e08e.js>; rel=preload; as=script; nopush","Link: </app-2b18e258e42ad728896e.js>; rel=preload; as=script; nopush","Link: </component---src-templates-blog-post-js-e5c1876c7141ca1871fe.js>; rel=preload; as=script; nopush","Link: </page-data/app-data.json>; rel=preload; as=fetch; crossorigin; nopush","Link: </page-data/noticias/index.php/2020/11/26/nueva-plataforma-para-promover-energia-renovable/page-data.json>; rel=preload; as=fetch; crossorigin; nopush"],"/noticias/index.php/2020/11/19/en-quintana-roo-financiaran-instalacion-de-paneles-solares/":["Link: </webpack-runtime-73be67b991c8e9b34277.js>; rel=preload; as=script; nopush","Link: </framework-19abad70385e1775e08e.js>; rel=preload; as=script; nopush","Link: </app-2b18e258e42ad728896e.js>; rel=preload; as=script; nopush","Link: </component---src-templates-blog-post-js-e5c1876c7141ca1871fe.js>; rel=preload; as=script; nopush","Link: </page-data/app-data.json>; rel=preload; as=fetch; crossorigin; nopush","Link: </page-data/noticias/index.php/2020/11/19/en-quintana-roo-financiaran-instalacion-de-paneles-solares/page-data.json>; rel=preload; as=fetch; crossorigin; nopush"],"/noticias/index.php/2020/11/18/grandes-empresas-ofreceran-almacenamiento-de-energia-solar-para-pymes/":["Link: </webpack-runtime-73be67b991c8e9b34277.js>; rel=preload; as=script; nopush","Link: </framework-19abad70385e1775e08e.js>; rel=preload; as=script; nopush","Link: </app-2b18e258e42ad728896e.js>; rel=preload; as=script; nopush","Link: </component---src-templates-blog-post-js-e5c1876c7141ca1871fe.js>; rel=preload; as=script; nopush","Link: </page-data/app-data.json>; rel=preload; as=fetch; crossorigin; nopush","Link: </page-data/noticias/index.php/2020/11/18/grandes-empresas-ofreceran-almacenamiento-de-energia-solar-para-pymes/page-data.json>; rel=preload; as=fetch; crossorigin; nopush"],"/noticias/index.php/2020/11/13/cfe-quiere-renegociar-la-compra-y-transmision-de-la-electricidad-con-ip/":["Link: </webpack-runtime-73be67b991c8e9b34277.js>; rel=preload; as=script; nopush","Link: </framework-19abad70385e1775e08e.js>; rel=preload; as=script; nopush","Link: </app-2b18e258e42ad728896e.js>; rel=preload; as=script; nopush","Link: </component---src-templates-blog-post-js-e5c1876c7141ca1871fe.js>; rel=preload; as=script; nopush","Link: </page-data/app-data.json>; rel=preload; as=fetch; crossorigin; nopush","Link: </page-data/noticias/index.php/2020/11/13/cfe-quiere-renegociar-la-compra-y-transmision-de-la-electricidad-con-ip/page-data.json>; rel=preload; as=fetch; crossorigin; nopush"],"/noticias/index.php/2020/11/12/biden-pondra-en-aprietos-al-gobierno-mexicano-por-politica-energetica/":["Link: </webpack-runtime-73be67b991c8e9b34277.js>; rel=preload; as=script; nopush","Link: </framework-19abad70385e1775e08e.js>; rel=preload; as=script; nopush","Link: </app-2b18e258e42ad728896e.js>; rel=preload; as=script; nopush","Link: </component---src-templates-blog-post-js-e5c1876c7141ca1871fe.js>; rel=preload; as=script; nopush","Link: </page-data/app-data.json>; rel=preload; as=fetch; crossorigin; nopush","Link: </page-data/noticias/index.php/2020/11/12/biden-pondra-en-aprietos-al-gobierno-mexicano-por-politica-energetica/page-data.json>; rel=preload; as=fetch; crossorigin; nopush"],"/404/":["Link: </webpack-runtime-73be67b991c8e9b34277.js>; rel=preload; as=script; nopush","Link: </framework-19abad70385e1775e08e.js>; rel=preload; as=script; nopush","Link: </app-2b18e258e42ad728896e.js>; rel=preload; as=script; nopush","Link: </component---src-pages-404-js-ee8be6731a7f47ca8089.js>; rel=preload; as=script; nopush","Link: </page-data/app-data.json>; rel=preload; as=fetch; crossorigin; nopush","Link: </page-data/404/page-data.json>; rel=preload; as=fetch; crossorigin; nopush"],"/gracias/":["Link: </webpack-runtime-73be67b991c8e9b34277.js>; rel=preload; as=script; nopush","Link: </framework-19abad70385e1775e08e.js>; rel=preload; as=script; nopush","Link: </app-2b18e258e42ad728896e.js>; rel=preload; as=script; nopush","Link: </component---src-pages-gracias-js-20db015faddb2c19ff57.js>; rel=preload; as=script; nopush","Link: </page-data/app-data.json>; rel=preload; as=fetch; crossorigin; nopush","Link: </page-data/gracias/page-data.json>; rel=preload; as=fetch; crossorigin; nopush"],"/":["Link: </webpack-runtime-73be67b991c8e9b34277.js>; rel=preload; as=script; nopush","Link: </framework-19abad70385e1775e08e.js>; rel=preload; as=script; nopush","Link: </app-2b18e258e42ad728896e.js>; rel=preload; as=script; nopush","Link: </3a4f77e5294fa31fc49872482c85b621a872c372-0c83b9a9a7635dd749e3.js>; rel=preload; as=script; nopush","Link: </88f53ffc7af2a4c6f987f12e86d3ecde909d02f7-ffcecd14c397bfc312d1.js>; rel=preload; as=script; nopush","Link: </component---src-pages-index-js-7e34b7a6bf9d9937cee7.js>; rel=preload; as=script; nopush","Link: </page-data/app-data.json>; rel=preload; as=fetch; crossorigin; nopush","Link: </page-data/index/page-data.json>; rel=preload; as=fetch; crossorigin; nopush"],"/nosotros/":["Link: </webpack-runtime-73be67b991c8e9b34277.js>; rel=preload; as=script; nopush","Link: </framework-19abad70385e1775e08e.js>; rel=preload; as=script; nopush","Link: </app-2b18e258e42ad728896e.js>; rel=preload; as=script; nopush","Link: </component---src-pages-nosotros-js-a91adc7e798c1220ffed.js>; rel=preload; as=script; nopush","Link: </page-data/app-data.json>; rel=preload; as=fetch; crossorigin; nopush","Link: </page-data/nosotros/page-data.json>; rel=preload; as=fetch; crossorigin; nopush"],"/noticias/":["Link: </webpack-runtime-73be67b991c8e9b34277.js>; rel=preload; as=script; nopush","Link: </framework-19abad70385e1775e08e.js>; rel=preload; as=script; nopush","Link: </app-2b18e258e42ad728896e.js>; rel=preload; as=script; nopush","Link: </component---src-pages-noticias-js-5364f38d89877b086e02.js>; rel=preload; as=script; nopush","Link: </page-data/app-data.json>; rel=preload; as=fetch; crossorigin; nopush","Link: </page-data/noticias/page-data.json>; rel=preload; as=fetch; crossorigin; nopush"],"/partners/":["Link: </webpack-runtime-73be67b991c8e9b34277.js>; rel=preload; as=script; nopush","Link: </framework-19abad70385e1775e08e.js>; rel=preload; as=script; nopush","Link: </app-2b18e258e42ad728896e.js>; rel=preload; as=script; nopush","Link: </3a4f77e5294fa31fc49872482c85b621a872c372-0c83b9a9a7635dd749e3.js>; rel=preload; as=script; nopush","Link: </component---src-pages-partners-js-ae2218b82f766b084097.js>; rel=preload; as=script; nopush","Link: </page-data/app-data.json>; rel=preload; as=fetch; crossorigin; nopush","Link: </page-data/partners/page-data.json>; rel=preload; as=fetch; crossorigin; nopush"],"/politica-de-privacidad/":["Link: </webpack-runtime-73be67b991c8e9b34277.js>; rel=preload; as=script; nopush","Link: </framework-19abad70385e1775e08e.js>; rel=preload; as=script; nopush","Link: </app-2b18e258e42ad728896e.js>; rel=preload; as=script; nopush","Link: </88f53ffc7af2a4c6f987f12e86d3ecde909d02f7-ffcecd14c397bfc312d1.js>; rel=preload; as=script; nopush","Link: </component---src-pages-politica-de-privacidad-js-adfeae15421d71b20ccd.js>; rel=preload; as=script; nopush","Link: </page-data/app-data.json>; rel=preload; as=fetch; crossorigin; nopush","Link: </page-data/politica-de-privacidad/page-data.json>; rel=preload; as=fetch; crossorigin; nopush"],"/404.html":["Link: </webpack-runtime-73be67b991c8e9b34277.js>; rel=preload; as=script; nopush","Link: </framework-19abad70385e1775e08e.js>; rel=preload; as=script; nopush","Link: </app-2b18e258e42ad728896e.js>; rel=preload; as=script; nopush","Link: </component---src-pages-404-js-ee8be6731a7f47ca8089.js>; rel=preload; as=script; nopush","Link: </page-data/app-data.json>; rel=preload; as=fetch; crossorigin; nopush","Link: </page-data/404.html/page-data.json>; rel=preload; as=fetch; crossorigin; nopush"]}