{"polyfill":["/polyfill-a8e5ffcaf35f508b9c3f.js"],"app":["/app-2b18e258e42ad728896e.js"],"component---src-pages-404-js":["/component---src-pages-404-js-ee8be6731a7f47ca8089.js"],"component---src-pages-gracias-js":["/component---src-pages-gracias-js-20db015faddb2c19ff57.js"],"component---src-pages-index-js":["/component---src-pages-index-js-7e34b7a6bf9d9937cee7.js"],"component---src-pages-nosotros-js":["/component---src-pages-nosotros-js-a91adc7e798c1220ffed.js"],"component---src-pages-noticias-js":["/component---src-pages-noticias-js-5364f38d89877b086e02.js"],"component---src-pages-partners-js":["/component---src-pages-partners-js-ae2218b82f766b084097.js"],"component---src-pages-politica-de-privacidad-js":["/component---src-pages-politica-de-privacidad-js-adfeae15421d71b20ccd.js"],"component---src-templates-blog-post-js":["/component---src-templates-blog-post-js-e5c1876c7141ca1871fe.js"]}