{"namedChunkGroups":{"polyfill":{"name":"polyfill","assets":[{"name":"webpack-runtime-73be67b991c8e9b34277.js","size":4483},{"name":"polyfill-a8e5ffcaf35f508b9c3f.js","size":93907}],"filteredAssets":0,"assetsSize":98390,"filteredAuxiliaryAssets":2,"auxiliaryAssetsSize":270836},"app":{"name":"app","assets":[{"name":"webpack-runtime-73be67b991c8e9b34277.js","size":4483},{"name":"framework-19abad70385e1775e08e.js","size":128971},{"name":"styles.230629cbacecbd74db87.css","size":3758},{"name":"app-2b18e258e42ad728896e.js","size":142891}],"filteredAssets":0,"assetsSize":280103,"filteredAuxiliaryAssets":10,"auxiliaryAssetsSize":1782301},"component---src-pages-404-js":{"name":"component---src-pages-404-js","assets":[{"name":"component---src-pages-404-js-ee8be6731a7f47ca8089.js","size":771}],"filteredAssets":0,"assetsSize":771,"filteredAuxiliaryAssets":1,"auxiliaryAssetsSize":1888},"component---src-pages-gracias-js":{"name":"component---src-pages-gracias-js","assets":[{"name":"component---src-pages-gracias-js-20db015faddb2c19ff57.js","size":5192}],"filteredAssets":0,"assetsSize":5192,"filteredAuxiliaryAssets":1,"auxiliaryAssetsSize":6176},"component---src-pages-index-js":{"name":"component---src-pages-index-js","assets":[{"name":"3a4f77e5294fa31fc49872482c85b621a872c372-0c83b9a9a7635dd749e3.js","size":35527},{"name":"88f53ffc7af2a4c6f987f12e86d3ecde909d02f7-ffcecd14c397bfc312d1.js","size":11333},{"name":"component---src-pages-index-js-7e34b7a6bf9d9937cee7.js","size":62991}],"filteredAssets":0,"assetsSize":109851,"filteredAuxiliaryAssets":12,"auxiliaryAssetsSize":3740698},"component---src-pages-nosotros-js":{"name":"component---src-pages-nosotros-js","assets":[{"name":"component---src-pages-nosotros-js-a91adc7e798c1220ffed.js","size":298}],"filteredAssets":0,"assetsSize":298,"filteredAuxiliaryAssets":1,"auxiliaryAssetsSize":343},"component---src-pages-noticias-js":{"name":"component---src-pages-noticias-js","assets":[{"name":"component---src-pages-noticias-js-5364f38d89877b086e02.js","size":1622}],"filteredAssets":0,"assetsSize":1622,"filteredAuxiliaryAssets":1,"auxiliaryAssetsSize":3502},"component---src-pages-partners-js":{"name":"component---src-pages-partners-js","assets":[{"name":"3a4f77e5294fa31fc49872482c85b621a872c372-0c83b9a9a7635dd749e3.js","size":35527},{"name":"component---src-pages-partners-js-ae2218b82f766b084097.js","size":2439}],"filteredAssets":0,"assetsSize":37966,"filteredAuxiliaryAssets":4,"auxiliaryAssetsSize":8126758},"component---src-pages-politica-de-privacidad-js":{"name":"component---src-pages-politica-de-privacidad-js","assets":[{"name":"88f53ffc7af2a4c6f987f12e86d3ecde909d02f7-ffcecd14c397bfc312d1.js","size":11333},{"name":"component---src-pages-politica-de-privacidad-js-adfeae15421d71b20ccd.js","size":23079}],"filteredAssets":0,"assetsSize":34412,"filteredAuxiliaryAssets":2,"auxiliaryAssetsSize":53862},"component---src-templates-blog-post-js":{"name":"component---src-templates-blog-post-js","assets":[{"name":"component---src-templates-blog-post-js-e5c1876c7141ca1871fe.js","size":101574}],"filteredAssets":0,"assetsSize":101574,"filteredAuxiliaryAssets":1,"auxiliaryAssetsSize":422115}},"assetsByChunkName":{"polyfill":["webpack-runtime-73be67b991c8e9b34277.js","polyfill-a8e5ffcaf35f508b9c3f.js"],"app":["webpack-runtime-73be67b991c8e9b34277.js","framework-19abad70385e1775e08e.js","styles.230629cbacecbd74db87.css","app-2b18e258e42ad728896e.js"],"component---src-pages-404-js":["component---src-pages-404-js-ee8be6731a7f47ca8089.js"],"component---src-pages-gracias-js":["component---src-pages-gracias-js-20db015faddb2c19ff57.js"],"component---src-pages-index-js":["3a4f77e5294fa31fc49872482c85b621a872c372-0c83b9a9a7635dd749e3.js","88f53ffc7af2a4c6f987f12e86d3ecde909d02f7-ffcecd14c397bfc312d1.js","component---src-pages-index-js-7e34b7a6bf9d9937cee7.js"],"component---src-pages-nosotros-js":["component---src-pages-nosotros-js-a91adc7e798c1220ffed.js"],"component---src-pages-noticias-js":["component---src-pages-noticias-js-5364f38d89877b086e02.js"],"component---src-pages-partners-js":["3a4f77e5294fa31fc49872482c85b621a872c372-0c83b9a9a7635dd749e3.js","component---src-pages-partners-js-ae2218b82f766b084097.js"],"component---src-pages-politica-de-privacidad-js":["88f53ffc7af2a4c6f987f12e86d3ecde909d02f7-ffcecd14c397bfc312d1.js","component---src-pages-politica-de-privacidad-js-adfeae15421d71b20ccd.js"],"component---src-templates-blog-post-js":["component---src-templates-blog-post-js-e5c1876c7141ca1871fe.js"]},"childAssetsByChunkName":{}}